"Statistic","MAE","RMSE","MBE","R2","MAE_p","RMSE_p","MBE_p"
"Mean",0.247942598210524,0.364958643539195,0.000167189653481055,0.930415056844403,0.123873335511848,0.183114947026334,0.000140518693864045
"Standard Deviation",0.0367015941793376,0.0521482770535104,0.0627402235963663,0.0123805947192701,0.0164999486811983,0.0294442117487173,0.0339080159431425
